region_code,survey_round,responses,training_participants,participation_rate,mean_satisfaction,mean_service_access,follow_up_requests
EAST,ROUND_1,49,38,0.7755102040816326,4,3.6122448979591835,12
EAST,ROUND_2,69,58,0.8405797101449275,3.9482758620689653,3.4057971014492754,19
NORTH,ROUND_1,40,30,0.75,3.533333333333333,3.375,7
NORTH,ROUND_2,59,42,0.711864406779661,4,3.6271186440677967,19
SOUTH,ROUND_1,40,27,0.675,4,3.525,13
SOUTH,ROUND_2,49,32,0.6530612244897959,3.6875,3.510204081632653,11
WEST,ROUND_1,42,35,0.8333333333333334,3.5142857142857142,3.5952380952380953,10
WEST,ROUND_2,52,40,0.7692307692307693,3.95,3.75,13
